contrast,estimate,SE,df,t.ratio,p.value
Control - Experimental,-1.9015990098097844,0.4880910711266342,65,-3.895992207807503,2.3366427793996254e-4
