term,sumsq,df,statistic,p.value,partial_eta_sq
(Intercept),72.26829575338536,1,17.856651345115182,7.586400301325984e-5,0.2155125877672574
pre_holistic,987.9141038879029,1,244.10203019381163,1.083283813051513e-23,0.7897134484712247
Group,61.430486309048604,1,15.178755283296784,2.3366427793996132e-4,0.18931143579948906
Residuals,263.06383728856684,65,NA,NA,NA
