Group,W,p_value,normality
Control,0.9536479838307959,0.15785888879474685,Normal
Experimental,0.9620106792618962,0.27802577489395974,Normal
