Group,n,mean_gain,sd_gain,min_gain,max_gain
Control,34,1.8088235294117647,1.5025972760440651,-1,5
Experimental,34,3.7058823529411766,2.3935444968638087,-1,9
