term,df,sumsq,meansq,statistic,p.value
pre_holistic,1,1001.6637646376781,1001.6637646376781,248.11682488408536,1.0590390097666727e-23
Group,1,61.430486309048604,61.430486309048604,15.21662033926098,2.3265585944449958e-4
pre_holistic:Group,1,4.6916734227728965,4.6916734227728965,1.1621495696937107,0.2850666854135949
Residuals,64,258.37216386579394,4.03706506040303,NA,NA
