statistic,p.value,df,df.residual
0.4061692751861401,0.5261249619033334,1,66
