Group,test_used,statistic,df,p_value,mean_pre,mean_post,mean_difference
Control,Paired-samples t-test,7.019287971845749,33,4.97411014682728e-8,4.676470588235294,6.485294117647059,1.8088235294117647
Experimental,Paired-samples t-test,9.027959060827788,33,1.964518319248072e-10,4.882352941176471,8.588235294117647,3.7058823529411766
