Group,n,mean_age,sd_age,min_age,max_age
Control,34,16.970588235294116,0.3000297073823573,16,18
Experimental,34,17.029411764705884,0.3000297073823573,16,18
