Group,n,mean_age,sd_age,females,males
Control,34,16.970588235294116,0.3000297073823573,22,12
Experimental,34,17.029411764705884,0.3000297073823573,26,8
