statistic,p.value,df,df.residual,variable
0.04103343465045528,0.8400965537082512,1,66,grammar_reduction
0.6299045599151654,0.4302345749672142,1,66,vocabulary_reduction
0.3465158561943137,0.5581013637643051,1,66,mechanics_reduction
