Category,statistic,p_value
Grammar,0.04103343465045528,0.8400965537082512
Vocabulary,0.6299045599151654,0.4302345749672142
Mechanics,0.3465158561943137,0.5581013637643051
