Subcategory,statistic,p_value
Spelling,0.1660296852361045,0.6849833765373987
Punctuation,4.485888993414871,0.037946002462499094
Capitalization,3.877697841726628,0.05313215543614062
Tense,0.129666011787822,0.7199283622454136
Agreement,0.6988235294117683,0.40619560085244655
Article/Pronoun/Preposition,7.050872093023247,0.009921370534439668
Vocabulary,0.6299045599151654,0.4302345749672142
